183.166.138.199:9999,100
27.191.234.69:9999,100
175.43.154.176:9999,100
115.225.70.194:9000,100
183.166.97.4:9999,100
110.243.17.70:9999,100
113.194.29.20:9999,100
116.196.85.150:3128,100
45.115.175.112:57919,100
121.232.148.42:9000,100
49.70.99.52:9999,100
175.43.57.25:9999,100
27.43.188.240:9999,10
39.84.127.223:9999,10
27.43.189.241:9999,10
36.249.53.38:9999,10
27.43.190.17:9999,10
49.70.99.176:9999,10
27.43.188.72:9999,10
182.46.99.153:9999,10
183.166.133.108:9999,10
222.162.6.253:9999,10
58.253.152.93:9999,10
175.43.33.30:9999,10
183.166.102.158:9999,10
49.70.64.13:9999,10
182.34.36.223:9999,10
220.249.149.87:9999,10
27.43.185.63:9999,10
175.43.57.43:9999,10
42.177.138.20:9999,10
58.253.154.220:9999,10
27.38.155.224:8118,10
58.253.157.75:9999,10
49.70.32.237:9999,10
42.238.82.146:9999,10
27.43.184.39:9999,10
36.248.129.229:9999,10
27.43.186.93:9999,10
60.174.191.186:9999,10
49.70.99.98:9999,10
59.33.52.7:9999,10
27.43.191.168:9999,10
183.166.163.52:9999,10
27.43.187.0:9999,10
27.43.191.27:9999,10
183.166.21.77:9999,10
39.84.123.37:9999,10
183.166.20.171:9999,10
49.70.17.133:9999,10
182.34.35.192:9999,10
39.84.127.101:9999,10
183.166.111.177:9999,10
27.43.191.237:9999,10
221.8.254.239:9999,10
58.253.154.53:9999,10
27.43.185.186:9999,10
58.253.154.64:9999,10
27.43.189.57:9999,10
175.43.34.52:9999,10
58.253.152.30:9999,10
58.253.155.168:9999,10
27.43.190.50:9999,10
183.166.162.123:9999,10
42.238.65.58:9999,10
183.166.96.90:9999,10
49.85.0.204:3000,10
59.63.75.88:9999,10
49.70.99.56:9999,10
58.22.177.14:9999,10
183.166.97.166:9999,10
182.46.122.79:9999,10
27.8.10.164:9999,10
58.253.152.238:9999,10
49.89.143.8:9999,10
49.70.48.96:9999,10
36.249.52.57:9999,10
182.46.110.118:9999,10
49.89.103.106:9999,10
36.249.48.21:9999,10
49.89.84.140:9999,10
182.46.99.134:9999,10
223.243.174.55:9999,10
27.43.189.201:9999,10
220.249.149.198:9999,10
183.166.20.48:9999,10
27.43.190.3:9999,10
58.255.206.182:9999,10
110.243.27.225:9999,10
36.249.118.32:9999,10
49.70.99.178:9999,10
42.238.83.61:9999,10
27.43.185.127:9999,10
182.34.32.200:9999,10
27.43.191.99:9999,10
27.43.190.237:9999,10
49.67.55.216:8118,10
180.118.128.250:9000,10
220.191.12.161:8888,10
39.84.127.110:9999,10
27.43.190.105:9999,10
49.89.85.23:9999,10
49.70.99.233:9999,10
27.40.106.207:9999,10
175.43.33.13:9999,10
182.34.36.196:9999,10
58.253.154.242:9999,10
58.253.158.235:9999,10
220.249.149.225:9999,10
183.166.71.91:9999,10
58.253.147.184:9999,10
49.70.32.84:9999,10
180.118.128.44:9000,10
49.70.99.25:9999,10
42.238.85.193:9999,10
58.253.152.119:9999,10
36.248.129.218:9999,10
183.166.111.207:9999,10
60.187.113.108:9000,10
183.166.111.164:9999,10
175.43.34.30:9999,10
49.70.32.157:9999,10
27.43.187.90:9999,10
27.43.185.87:9999,10
27.43.184.191:9999,10
58.253.159.72:9999,10
180.118.128.58:9000,10
58.253.157.242:9999,10
58.253.152.189:9999,10
27.214.112.179:9000,10
223.243.48.96:9999,10
58.253.157.154:9999,10
27.43.190.67:9999,10
58.253.156.118:9999,10
27.43.190.223:9999,9
219.159.38.200:56210,9
36.249.48.59:9999,9
182.122.176.220:9999,9
27.43.189.177:9999,9
223.242.225.246:9999,9
49.89.143.102:9999,9
42.177.138.136:9999,9
49.70.17.47:9999,9
183.166.138.35:9999,9
183.165.11.36:9999,9
175.42.68.51:9999,9
113.194.29.16:9999,9
182.46.100.71:9999,9
202.109.157.63:9000,9
27.43.191.31:9999,9
182.34.35.238:9999,9
27.43.187.5:9999,9
60.169.134.67:9999,9
58.253.157.230:9999,9
27.43.187.62:9999,9
49.86.56.51:9999,9
175.42.68.152:9999,9
27.43.190.227:9999,9
27.43.184.17:9999,9
27.43.191.205:9999,9
218.73.128.149:8888,9
58.220.95.54:9400,9
182.122.145.60:9999,9
49.70.33.63:9999,9
59.33.53.55:9999,9
27.43.186.7:9999,9
49.70.99.36:9999,9
42.177.136.157:9999,9
49.89.87.160:9999,9
49.89.103.249:9999,9
49.70.89.160:9999,9
183.166.21.38:9999,9
27.43.189.243:9999,9
58.253.153.132:9999,9
58.22.177.165:9999,9
49.87.246.252:9999,9
36.249.48.36:9999,9
60.167.20.189:1133,9
49.70.32.142:9999,9
175.43.156.22:9999,9
183.166.96.45:9999,9
58.253.158.52:9999,9
58.253.158.254:9999,9
49.89.143.189:9999,9
49.89.87.25:9999,9
27.43.191.24:9999,9
27.43.185.54:9999,9
49.89.84.194:9999,9
223.242.225.64:9999,9
39.108.59.34:8118,9
49.86.181.188:9999,9
27.43.186.12:9999,9
182.34.37.189:9999,9
27.43.189.178:9999,9
222.132.57.25:9000,9
222.141.244.150:9999,9
175.43.32.51:9999,9
42.55.182.160:9999,9
180.122.141.157:9999,9
58.253.157.11:9999,9
60.167.159.254:9999,9
58.253.154.153:9999,9
36.56.102.8:9999,9
49.86.27.113:9999,9
58.253.157.9:9999,9
175.43.156.7:9999,9
175.43.156.54:9999,9
49.70.99.73:9999,9
58.22.177.245:9999,9
27.43.185.20:9999,9
182.34.37.99:9999,9
27.192.202.134:9000,9
183.154.2.63:9999,9
27.192.173.61:9000,9
49.89.103.122:9999,9
58.253.153.51:9999,9
60.182.22.168:9000,9
27.43.189.26:9999,9
49.89.86.192:9999,9
27.43.188.199:9999,9
60.168.207.83:1133,9
60.174.190.238:9999,9
60.167.133.186:1133,9
42.177.138.253:9999,9
175.44.108.127:9999,9
49.70.94.120:9999,9
49.89.67.214:9999,9
182.34.33.70:9999,9
42.238.82.203:9999,9
60.173.47.95:8888,9
58.253.154.187:9999,9
58.253.154.196:9999,9
218.27.251.204:9999,9
49.86.58.2:9999,9
27.43.188.143:9999,9
60.167.159.135:9999,9
49.81.125.78:9000,9
27.43.190.82:9999,9
58.253.155.166:9999,9
58.22.177.88:9999,9
39.76.140.243:9999,9
42.177.142.32:9999,9
182.34.36.92:9999,9
220.179.102.243:9999,9
49.70.95.205:9999,9
27.43.184.179:9999,9
60.169.134.180:9999,9
218.75.69.50:57903,9
60.167.128.183:8888,9
183.147.30.178:9000,9
39.69.43.237:9000,9
223.242.224.75:9999,9
183.166.21.111:9999,9
218.104.248.39:9999,9
36.56.102.39:9999,9
183.166.102.23:9999,9
39.84.112.45:9999,9
27.43.190.231:9999,9
223.242.225.123:9999,9
27.220.53.184:9000,9
42.7.31.57:9999,9
175.43.58.54:9999,9
60.174.191.59:9999,9
175.43.57.4:9999,9
49.85.1.29:8088,9
183.166.97.107:9999,9
118.212.105.254:9999,9
183.154.1.13:9999,9
58.253.155.150:9999,9
183.146.46.59:9999,9
183.166.102.175:9999,9
183.166.102.44:9999,9
58.253.152.212:9999,9
60.169.151.5:9999,9
60.169.134.247:9999,9
42.59.111.127:9999,9
183.166.20.156:9999,9
27.43.187.253:9999,9
175.43.59.25:9999,9
171.35.174.224:9999,9
58.253.154.28:9999,9
36.248.129.102:9999,9
61.216.43.102:8080,9
36.249.53.21:9999,9
58.253.159.1:9999,9
27.43.190.71:9999,9
58.22.177.78:9999,9
27.43.187.16:9999,9
60.167.23.60:8888,9
60.182.161.245:9999,9
223.240.208.23:8888,9
27.43.187.27:9999,9
58.253.154.2:9999,9
27.205.40.160:9000,9
49.83.86.159:9999,9
27.43.187.57:9999,9
36.25.29.18:9999,9
223.242.224.58:9999,9
183.166.137.193:8888,9
183.166.96.146:9999,9
49.89.143.186:9999,9
27.205.40.36:9000,9
36.56.101.190:9999,9
49.89.85.129:9999,9
27.43.186.156:9999,9
182.46.99.138:9999,9
49.89.143.195:9999,9
58.253.156.198:9999,9
27.43.185.108:9999,9
218.87.83.29:9000,9
183.166.97.117:9999,9
58.253.155.243:9999,9
182.34.33.55:9999,9
171.35.215.48:9999,9
36.249.109.23:9999,9
175.43.153.246:9999,9
223.242.224.217:9999,9
36.249.119.5:9999,9
202.109.157.64:9000,9
58.23.67.181:9999,9
49.89.103.143:9999,9
183.166.110.240:9999,9
182.46.99.145:9999,9
223.242.225.170:9999,9
36.248.132.223:9999,9
58.253.156.38:9999,9
183.166.111.250:9999,9
36.255.84.213:84,9
58.253.155.32:9999,9
27.43.184.153:9999,9
60.169.134.144:9999,9
183.166.139.41:9999,9
36.249.109.39:9999,9
182.34.16.202:9999,9
60.169.134.61:9999,9
27.43.188.242:9999,9
49.87.246.147:9999,9
27.43.189.19:9999,9
180.141.90.145:53281,9
59.54.20.167:9000,9
27.43.185.79:9999,9
175.43.151.26:9999,9
59.33.55.19:9999,9
36.249.109.48:9999,9
27.43.185.75:9999,9
60.187.117.150:9000,9
58.253.154.248:9999,9
60.167.22.240:8888,9
58.253.156.139:9999,9
27.214.50.9:9000,9
220.179.102.115:9999,9
182.122.182.224:9999,9
182.46.98.22:9999,9
60.167.82.244:1133,9
175.43.35.39:9999,9
49.86.181.130:9999,9
58.253.157.100:9999,9
175.42.68.205:9999,9
183.166.171.7:8888,9
27.43.188.126:9999,9
60.167.159.214:9999,9
60.174.189.109:9999,9
182.46.110.46:9999,9
60.168.80.41:1133,9
223.243.174.70:9999,9
49.70.33.32:9999,9
183.166.139.223:9999,9
183.166.103.14:9999,9
58.253.153.248:9999,9
175.43.56.41:9999,9
27.192.173.185:9000,9
49.89.86.132:9999,9
182.34.32.145:9999,9
60.174.188.182:9999,9
183.166.96.254:9999,9
182.34.33.206:9999,9
27.43.189.24:9999,9
42.238.85.43:9999,9
183.166.110.68:9999,9
27.43.184.204:9999,9
218.14.15.181:9999,9
182.46.96.60:9999,9
58.253.158.19:9999,9
36.248.129.137:9999,9
39.84.118.125:9999,9
182.46.99.241:9999,9
49.86.59.59:9999,9
58.253.153.223:9999,9
49.86.59.75:9999,9
182.46.85.35:9999,9
49.70.32.47:9999,9
27.43.187.208:9999,9
183.166.71.0:9999,9
175.43.59.39:9999,9
27.43.191.121:9999,9
58.253.152.141:9999,9
36.249.119.29:9999,9
182.46.98.128:9999,9
58.253.156.204:9999,9
223.240.209.49:8888,9
220.184.124.176:8888,9
58.253.158.232:9999,9
27.43.190.196:9999,9
36.249.48.18:9999,9
27.192.171.221:9000,9
218.73.134.219:8888,9
58.253.159.127:9999,9
183.166.102.88:9999,9
58.253.152.28:9999,9
60.168.207.21:1133,9
58.218.25.111:9000,9
60.167.135.78:8888,9
58.255.199.184:9999,9
49.89.85.72:9999,9
27.43.189.69:9999,9
183.166.71.123:9999,9
49.70.33.174:9999,9
60.168.80.130:8888,9
58.253.153.140:9999,9
58.253.158.251:9999,9
58.253.153.57:9999,9
60.195.125.128:80,9
218.14.13.197:9999,9
58.220.95.116:10122,9
36.249.53.39:9999,9
175.43.32.31:9999,9
27.43.185.200:9999,9
182.34.35.230:9999,9
180.118.128.212:9000,9
42.7.4.45:9999,9
49.89.84.28:9999,9
175.43.58.62:9999,9
58.253.158.227:9999,9
36.249.48.22:9999,9
119.28.155.202:9999,9
36.248.133.163:9999,9
27.206.178.212:9000,9
175.42.129.254:9999,9
59.33.54.200:9999,9
60.194.240.6:80,9
218.91.1.49:9999,9
27.43.190.31:9999,9
49.89.103.171:9999,9
183.166.138.38:9999,9
58.253.153.81:9999,9
58.253.158.48:9999,9
183.23.75.103:8888,9
27.43.185.168:9999,9
60.169.150.132:9999,9
27.43.191.131:9999,9
58.253.156.228:9999,9
27.43.189.239:9999,9
27.43.191.101:9999,9
222.162.6.36:9999,9
59.54.20.15:9000,9
223.242.224.252:9999,9
36.57.86.104:9999,9
27.46.42.39:8118,9
39.84.125.66:9999,9
183.166.97.77:9999,9
182.34.17.159:9999,9
183.166.97.17:9999,9
182.34.101.131:9999,9
222.74.65.67:56210,9
27.43.184.173:9999,9
27.43.188.207:9999,9
58.253.156.87:9999,9
59.33.55.238:9999,9
58.253.152.132:9999,9
183.166.103.128:9999,9
42.177.139.41:9999,9
60.167.134.86:8888,9
42.7.6.45:9999,9
58.253.156.121:9999,9
223.242.224.36:9999,9
58.253.156.76:9999,9
58.253.154.60:9999,9
218.27.220.155:9999,9
218.14.13.34:9999,9
49.89.85.63:9999,9
27.43.187.81:9999,9
182.34.36.65:9999,9
182.34.37.27:9999,9
182.46.86.253:9999,9
36.249.118.40:9999,9
183.166.110.188:9999,9
49.86.24.205:9999,9
175.43.34.37:9999,9
58.253.154.143:9999,9
221.193.76.74:9999,9
27.43.185.40:9999,9
36.249.49.39:9999,9
27.43.186.24:9999,9
223.167.15.30:8060,9
58.253.157.178:9999,9
27.43.186.189:9999,9
49.87.72.243:9999,9
58.253.155.72:9999,9
36.249.118.9:9999,9
183.154.214.221:9000,9
42.238.83.103:9999,9
60.174.191.249:9999,9
42.177.140.143:9999,9
221.1.87.136:9000,9
223.215.10.6:9999,9
27.43.187.183:9999,9
175.43.34.21:9999,9
58.253.155.237:9999,9
27.43.184.96:9999,9
39.84.115.145:9999,9
49.70.64.23:9999,9
183.166.111.6:9999,9
182.46.87.102:9999,9
110.243.7.28:9999,9
27.43.187.54:9999,9
223.242.224.168:9999,9
42.238.81.211:9999,9
60.173.24.39:8888,9
218.27.251.158:9999,9
223.215.19.105:9999,9
27.43.189.163:9999,9
27.38.154.15:8118,9
58.253.152.196:9999,9
183.166.103.112:9999,9
27.192.168.218:9000,9
36.232.120.9:8080,9
58.253.154.120:9999,9
49.70.99.184:9999,9
60.184.197.199:8888,9
58.253.152.113:9999,9
182.34.33.219:9999,9
27.159.164.158:8888,9
183.166.133.208:9999,9
36.249.119.48:9999,9
42.238.66.73:9999,9
223.243.175.184:9999,9
49.86.176.109:9999,9
36.249.49.17:9999,9
27.192.171.164:9000,9
36.249.48.43:9999,9
42.59.103.2:9999,9
58.253.156.65:9999,9
58.253.153.68:9999,9
223.247.165.7:9999,9
49.70.33.52:9999,9
175.43.56.45:9999,9
60.206.222.19:80,9
60.169.133.239:9999,9
223.242.224.200:9999,9
183.166.70.147:9999,9
49.89.67.113:9999,9
58.253.152.221:9999,9
60.168.207.111:1133,9
36.250.156.227:9999,9
60.207.131.29:80,9
27.43.191.43:9999,9
27.214.114.134:9000,9
58.253.155.100:9999,9
183.166.71.167:9999,9
58.253.159.175:9999,9
36.248.132.29:9999,9
60.7.163.180:9999,9
42.238.82.44:9999,9
58.22.177.110:9999,9
49.70.89.117:9999,9
49.70.89.150:9999,9
49.70.95.198:9999,9
36.248.129.10:9999,9
27.43.184.205:9999,9
27.11.3.118:9999,9
58.253.153.251:9999,9
36.249.49.46:9999,9
60.167.112.43:1133,9
49.89.84.70:9999,9
183.147.27.191:9000,9
183.166.70.110:9999,9
60.251.60.4:8080,9
182.116.255.33:9999,9
49.87.67.183:9999,9
49.70.48.225:9999,9
49.70.64.79:9999,9
36.249.109.20:9999,9
183.166.96.82:9999,9
182.46.122.193:9999,9
27.43.184.148:9999,9
58.253.157.130:9999,9
60.182.22.24:9000,9
39.84.121.44:9999,9
182.46.111.54:9999,9
49.87.72.104:9999,9
223.242.225.230:9999,9
36.248.132.57:9999,9
183.166.71.74:9999,9
58.253.156.245:9999,9
49.70.48.144:9999,9
27.43.184.245:9999,9
49.70.99.105:9999,9
27.46.42.212:8118,9
27.43.186.16:9999,9
220.249.149.107:9999,9
49.89.85.168:9999,9
175.43.57.52:9999,9
49.87.67.247:9999,9
222.141.250.212:9999,9
223.242.225.100:9999,9
27.43.185.57:9999,9
36.248.132.195:9999,9
27.205.44.44:9000,9
58.253.152.24:9999,9
36.249.53.11:9999,9
175.43.57.2:9999,9
27.43.186.159:9999,9
58.253.159.219:9999,9
220.191.46.235:9000,9
220.175.223.44:9999,9
27.43.185.156:9999,9
49.70.99.96:9999,9
49.89.84.93:9999,9
218.27.251.198:9999,9
58.253.159.19:9999,9
182.34.36.163:9999,9
36.249.109.49:9999,9
183.166.132.175:9999,9
183.166.20.220:9999,9
223.242.224.248:9999,9
58.253.153.231:9999,9
183.166.20.176:9999,9
60.168.80.86:8888,9
27.43.191.83:9999,9
27.43.188.87:9999,9
223.215.19.162:9999,9
58.253.156.108:9999,9
27.43.188.21:9999,9
60.177.155.205:9000,9
60.167.21.179:8888,9
183.166.21.83:9999,9
58.253.153.32:9999,9
58.253.155.52:9999,9
223.242.225.5:9999,9
58.253.159.34:9999,9
58.253.154.207:9999,9
183.166.163.220:9999,9
27.43.190.228:9999,9
182.34.36.52:9999,9
27.43.185.45:9999,9
183.166.137.5:8888,9
27.43.190.239:9999,9
183.166.162.196:9999,9
182.34.18.93:9999,9
60.169.114.120:8888,9
183.166.102.95:9999,9
221.1.86.169:9000,9
58.220.95.30:10174,9
49.70.48.177:9999,9
49.70.99.205:9999,9
182.34.101.117:9999,9
175.43.156.43:9999,9
175.42.123.39:9999,9
49.89.103.113:9999,9
183.166.102.147:9999,9
58.253.154.125:9999,9
175.44.109.106:9999,9
182.34.37.60:9999,9
218.27.250.165:9999,9
182.34.103.216:9999,9
182.34.33.66:9999,9
27.220.55.70:9000,9
27.43.185.225:9999,9
223.242.224.190:9999,9
218.91.6.101:8088,9
223.247.170.233:9999,9
175.43.151.209:9999,9
218.14.15.227:9999,9
49.70.85.70:9999,9
49.81.125.194:9000,9
49.70.89.40:9999,9
42.238.69.124:9999,9
223.242.225.137:9999,9
223.247.169.189:9999,9
175.43.35.47:9999,9
60.7.103.33:9999,9
58.253.156.137:9999,9
27.220.122.54:9000,9
223.242.224.177:9999,9
27.43.185.189:9999,9
49.70.48.165:9999,9
58.22.177.25:9999,9
183.166.110.74:9999,9
39.84.113.51:9999,9
58.253.157.14:9999,9
27.214.115.220:9000,9
42.7.4.87:9999,9
27.43.185.192:9999,9
49.89.103.238:9999,9
39.84.120.102:9999,9
58.253.152.23:9999,9
27.11.3.66:9999,9
223.242.224.178:9999,9
183.166.103.55:9999,9
49.89.87.123:9999,9
58.253.156.39:9999,9
183.166.111.5:9999,9
60.167.133.125:8888,9
27.43.191.86:9999,9
27.192.169.24:9000,9
223.242.224.237:9999,9
58.255.7.249:9999,9
60.177.155.100:9000,9
36.249.52.27:9999,9
27.8.10.10:9999,9
223.242.224.129:9999,9
27.43.190.115:9999,9
36.250.156.135:9999,9
27.43.186.233:9999,9
219.159.38.197:56210,9
175.42.68.217:9999,9
223.247.165.30:9999,9
60.168.207.213:8888,9
218.104.249.43:9999,9
175.43.131.197:9999,9
175.44.108.250:9999,9
218.0.69.77:9999,9
182.46.97.42:9999,9
27.43.187.74:9999,9
27.43.185.177:9999,9
58.253.152.105:9999,9
58.253.159.148:9999,9
59.38.61.71:9797,9
27.43.184.50:9999,9
175.43.59.44:9999,9
36.248.129.71:9999,9
175.43.32.7:9999,9
49.70.17.178:9999,9
49.89.103.237:9999,9
27.43.186.172:9999,9
223.241.117.70:8888,9
182.122.184.103:9999,9
58.253.157.24:9999,9
36.248.132.220:9999,9
183.166.97.187:9999,9
36.248.132.218:9999,9
183.166.96.80:9999,9
58.253.154.217:9999,9
180.104.63.24:9000,9
27.43.190.181:9999,9
49.86.9.21:9999,9
36.248.133.135:9999,9
182.34.37.179:9999,9
222.135.24.219:8060,9
27.43.185.22:9999,9
183.166.138.72:9999,9
36.249.49.38:9999,9
27.43.191.122:9999,9
182.122.189.222:9999,9
218.14.15.189:9999,9
183.166.70.248:9999,9
58.253.157.244:9999,9
49.70.94.144:9999,9
49.70.89.64:9999,9
27.43.190.49:9999,9
60.168.207.181:1133,9
180.104.63.75:9000,9
221.8.254.120:9999,9
36.249.49.8:9999,9
27.150.182.88:1080,9
27.43.185.106:9999,9
183.166.111.47:9999,9
183.166.110.49:9999,9
36.249.49.51:9999,9
49.83.86.122:9999,9
183.166.111.157:9999,9
36.248.129.136:9999,9
27.43.190.8:9999,9
182.122.180.103:9999,9
183.166.102.211:9999,9
58.253.154.10:9999,9
61.174.155.221:9999,9
49.86.180.155:9999,9
223.242.225.31:9999,9
58.253.153.242:9999,9
218.27.221.214:9999,9
182.34.37.89:9999,9
183.166.96.41:9999,9
36.249.53.26:9999,9
36.248.132.65:9999,9
36.249.119.39:9999,9
175.43.56.60:9999,9
183.146.46.21:9999,9
36.56.103.67:9999,9
175.43.32.37:9999,9
182.46.87.104:9999,9
60.182.20.11:9000,9
27.43.188.215:9999,9
49.70.32.12:9999,9
58.253.159.76:9999,9
27.43.187.191:9999,9
60.177.154.124:9000,9
183.166.21.214:9999,9
183.166.103.223:9999,9
182.122.184.17:9999,9
183.166.111.102:9999,9
183.166.20.115:9999,9
175.43.58.11:9999,9
47.104.96.77:80,9
175.42.123.26:9999,9
27.43.186.31:9999,9
49.89.86.136:9999,9
60.184.199.195:8888,9
223.215.19.244:9999,9
60.173.25.37:8888,9
182.46.111.104:9999,9
27.43.189.155:9999,9
27.43.185.89:9999,9
42.7.5.73:9999,9
175.43.33.14:9999,9
60.195.172.95:80,9
175.44.109.206:9999,9
220.191.45.1:9000,9
58.253.158.248:9999,9
27.192.172.53:9000,9
42.238.86.252:9999,9
27.43.189.0:9999,9
183.166.110.108:9999,9
175.43.33.27:9999,9
58.253.153.88:9999,9
27.43.186.0:9999,9
218.104.249.39:9999,9
36.249.49.11:9999,9
58.253.152.6:9999,9
218.87.83.143:9000,9
182.46.99.19:9999,9
182.34.102.189:9999,9
58.253.154.75:9999,9
27.43.185.178:9999,9
60.168.206.132:1133,9
27.192.171.141:9000,9
122.224.65.197:3128,9
49.87.236.80:9999,9
60.169.149.142:9999,9
175.42.68.78:9999,9
58.253.157.33:9999,9
49.70.99.51:9999,9
182.122.145.171:9999,9
180.121.132.38:8888,9
117.41.38.19:9000,9
27.43.187.211:9999,9
218.14.13.133:9999,9
182.105.200.81:9000,9
58.253.153.90:9999,9
60.183.80.47:80,9
27.43.185.80:9999,9
27.43.187.33:9999,9
27.43.185.67:9999,9
27.43.187.166:9999,9
223.242.225.81:9999,9
58.253.152.181:9999,9
49.89.67.88:9999,9
27.43.187.77:9999,9
49.70.89.176:9999,9
60.169.127.53:8888,9
175.44.109.12:9999,9
222.132.225.52:9999,9
42.238.89.115:9999,9
182.34.33.116:9999,9
27.43.185.28:9999,9
49.89.87.166:9999,9
175.43.35.23:9999,9
49.70.89.18:9999,9
58.253.156.12:9999,9
36.249.48.19:9999,9
27.43.191.103:9999,9
221.8.254.150:9999,9
223.243.244.216:9999,9
175.43.58.10:9999,9
39.69.43.143:9000,9
49.70.89.132:9999,9
183.166.110.189:9999,9
58.253.155.53:9999,9
42.177.139.7:9999,9
183.166.20.36:9999,9
182.34.37.210:9999,9
183.166.21.250:9999,9
42.7.31.10:9999,9
27.43.184.138:9999,9
27.43.185.64:9999,9
49.85.1.30:3000,9
182.46.111.143:9999,9
49.70.33.74:9999,9
221.1.87.4:9000,9
180.118.128.73:9000,9
36.249.52.35:9999,9
220.191.47.78:9000,9
223.242.225.15:9999,9
49.89.86.252:9999,9
180.118.128.81:9000,9
220.249.149.105:9999,9
36.249.48.28:9999,9
175.43.57.28:9999,9
39.84.124.3:9999,9
27.43.184.170:9999,9
27.43.190.169:9999,9
220.249.149.139:9999,9
58.253.155.92:9999,9
36.249.109.29:9999,9
58.253.153.89:9999,9
36.249.52.52:9999,9
27.43.188.2:9999,9
60.169.241.166:9999,9
183.166.21.228:9999,9
222.162.20.42:9999,9
60.168.80.197:1133,9
183.166.97.157:9999,9
183.165.10.9:3000,9
39.69.43.6:9000,9
223.242.225.35:9999,9
58.253.155.108:9999,9
60.211.218.78:53281,9
36.249.52.17:9999,9
58.253.155.124:9999,9
58.253.153.198:9999,9
27.43.187.193:9999,9
175.42.128.70:9999,9
61.161.29.144:9999,9
223.242.224.224:9999,9
36.248.129.116:9999,9
36.248.129.21:9999,9
183.166.103.163:9999,9
58.253.154.78:9999,9
182.34.102.101:9999,9
175.43.33.61:9999,9
60.167.20.134:8888,9
218.104.249.12:9999,9
223.247.171.16:9999,9
58.253.153.234:9999,9
49.70.94.49:9999,9
49.76.197.13:8118,9
183.166.20.40:9999,9
183.166.102.87:9999,9
27.8.160.132:9999,9
175.42.68.213:9999,9
60.207.131.35:80,9
27.43.188.202:9999,9
223.242.225.134:9999,9
218.14.12.70:9999,9
58.255.4.174:9999,9
175.44.109.52:9999,9
27.43.190.152:9999,9
60.199.134.231:3128,9
58.253.158.132:9999,9
39.84.119.46:9999,9
182.34.35.2:9999,9
60.210.136.174:9000,9
58.253.152.237:9999,9
175.43.156.36:9999,9
58.253.156.21:9999,9
223.242.224.2:9999,9
183.166.110.207:9999,9
49.86.26.148:9999,9
49.86.58.29:9999,9
27.10.152.85:9999,9
60.168.81.78:1133,9
49.70.64.246:9999,9
220.175.214.208:9999,9
49.70.64.5:9999,9
49.70.85.35:9999,9
58.253.159.44:9999,9
182.34.33.223:9999,9
27.43.190.136:9999,9
49.70.94.147:9999,9
36.56.101.42:9999,9
58.253.155.13:9999,9
58.253.159.3:9999,9
36.249.52.48:9999,9
175.43.156.18:9999,9
183.3.218.34:8080,9
171.35.172.60:9999,9
58.253.159.249:9999,9
60.167.135.172:8888,9
49.70.95.87:9999,9
49.70.85.133:9999,9
36.249.109.52:9999,9
183.166.70.229:9999,9
183.145.61.136:9000,9
60.207.131.39:80,9
223.242.224.4:9999,9
182.46.121.100:9999,9
222.162.1.66:9999,9
58.22.177.34:9999,9
223.242.224.211:9999,9
27.43.189.2:9999,9
36.251.150.43:9999,9
58.255.223.80:8118,9
182.116.232.153:9999,9
49.70.85.46:9999,9
183.166.133.176:9999,9
58.253.155.158:9999,9
49.70.33.248:9999,9
182.46.111.24:9999,9
182.116.231.224:9999,9
27.43.191.14:9999,9
58.255.207.210:9999,9
60.177.154.19:9000,9
58.253.154.16:9999,9
58.253.153.211:9999,9
60.168.206.10:8888,9
60.210.136.47:9000,9
182.34.36.57:9999,9
42.238.83.222:9999,9
175.43.56.35:9999,9
49.85.2.70:8090,9
183.166.96.38:9999,9
27.43.188.155:9999,9
49.89.67.190:9999,9
49.87.202.16:9999,9
218.27.251.22:9999,9
58.253.159.128:9999,9
36.249.118.46:9999,9
223.242.225.51:9999,9
182.34.27.57:9999,9
220.249.149.95:9999,9
183.166.110.155:9999,9
175.43.32.2:9999,9
183.166.162.169:9999,9
49.89.103.63:9999,9
58.253.159.43:9999,9
175.44.109.216:9999,9
210.5.10.87:53281,9
58.253.158.91:9999,9
180.121.129.148:3128,9
42.7.29.70:9999,9
220.249.149.136:9999,9
182.46.97.81:9999,9
49.89.84.178:9999,9
58.22.177.182:9999,9
183.166.162.171:3000,9
175.43.58.30:9999,9
60.177.155.137:9000,9
218.14.13.175:9999,9
27.192.174.107:9000,9
49.89.67.17:9999,9
60.168.80.82:8888,9
27.43.191.136:9999,9
27.43.188.225:9999,9
49.70.85.206:9999,9
218.14.108.53:8060,9
175.43.32.41:9999,9
60.167.113.65:1133,9
58.253.154.148:9999,9
49.86.59.49:9999,9
49.89.85.246:9999,9
36.248.132.101:9999,9
182.105.201.122:9000,9
60.216.20.211:8001,9
223.242.224.109:9999,9
58.255.207.247:9999,9
60.168.81.182:8888,9
183.166.70.83:9999,9
175.43.155.91:9999,9
49.89.87.87:9999,9
180.118.128.183:9000,9
49.70.89.81:9999,9
58.253.157.113:9999,9
220.249.149.111:9999,9
49.70.89.22:9999,9
27.46.4.234:8118,9
221.229.252.98:9797,9
223.240.209.249:8888,9
221.193.75.191:9999,9
180.104.63.245:9000,9
60.5.43.130:9999,9
49.89.61.244:9999,9
27.43.190.65:9999,9
27.43.187.42:9999,9
49.89.67.208:9999,9
36.248.132.224:9999,9
27.40.126.118:9999,9
27.214.49.173:9000,9
36.249.52.51:9999,9
58.253.155.165:9999,9
182.34.102.59:9999,9
222.132.229.227:9999,9
183.166.110.105:9999,9
39.76.131.178:9999,9
218.27.251.123:9999,9
60.187.116.35:9000,9
36.25.31.127:9999,9
58.253.155.23:9999,9
27.43.185.74:9999,9
180.118.128.178:9000,9
175.42.123.14:9999,9
49.69.241.42:9999,9
58.253.159.218:9999,9
60.182.21.123:9000,9
58.253.157.158:9999,9
36.249.109.55:9999,9
223.243.245.39:9999,9
42.59.110.168:9999,9
27.214.112.122:9000,9
27.43.189.65:9999,9
220.191.13.197:8888,9
27.43.186.200:9999,9
49.89.85.148:9999,9
58.253.159.124:9999,9
27.43.187.182:9999,9
49.70.48.80:9999,9
27.43.187.254:9999,9
223.247.164.208:9999,9
183.166.136.27:8888,9
58.253.156.85:9999,9
47.105.142.56:8080,9
183.166.138.177:9999,9
175.43.156.33:9999,9
27.43.188.66:9999,9
27.43.191.171:9999,9
49.89.85.54:9999,9
58.253.155.58:9999,9
58.253.152.137:9999,9
183.166.70.130:9999,9
27.43.190.6:9999,9
27.43.186.217:9999,9
182.46.110.168:9999,9
27.43.187.242:9999,9
223.242.224.201:9999,9
60.168.80.62:8888,9
59.33.52.96:9999,9
27.43.186.15:9999,9
58.253.152.50:9999,9
202.109.157.59:9000,9
223.242.224.138:9999,9
49.89.87.175:9999,9
60.7.102.36:9999,9
182.34.27.205:9999,9
39.84.119.35:9999,9
182.34.35.30:9999,9
27.43.191.6:9999,9
36.248.133.62:9999,9
42.238.82.218:9999,9
218.14.12.162:9999,9
49.87.91.178:9999,9
182.46.111.244:9999,9
49.89.87.203:9999,9
175.43.35.9:9999,9
223.242.224.196:9999,9
27.43.188.247:9999,9
182.116.252.92:9999,9
49.70.85.93:9999,9
180.118.128.71:9000,9
58.253.156.246:9999,9
27.43.189.160:9999,9
58.253.157.127:9999,9
182.105.55.241:9000,9
42.7.5.120:9999,9
58.253.158.23:9999,9
60.169.150.56:9999,9
36.249.53.35:9999,9
175.44.108.111:9999,9
175.43.56.47:9999,9
27.43.184.109:9999,9
27.43.187.46:9999,9
183.166.97.38:9999,9
49.89.84.134:9999,9
183.166.103.190:9999,9
175.43.35.12:9999,9
49.85.2.52:3000,9
220.191.40.249:9000,9
183.166.111.129:9999,9
27.152.195.40:8888,9
49.89.143.51:9999,9
58.253.153.70:9999,9
27.43.191.74:9999,9
27.43.191.1:9999,9
175.43.56.12:9999,9
183.166.110.194:9999,9
49.70.17.66:9999,9
36.248.129.163:9999,9
60.184.194.14:8888,9
183.166.21.210:9999,9
27.43.185.198:9999,9
182.34.103.227:9999,9
27.156.211.24:29346,9
58.253.154.167:9999,9
183.166.111.149:9999,9
183.166.103.121:9999,9
182.116.224.180:9999,9
58.253.156.242:9999,9
42.238.67.162:9999,9
223.240.209.13:8888,9
182.46.99.210:9999,9
42.7.6.183:9999,9
49.70.17.239:9999,9
221.1.85.163:9000,9
183.165.10.21:9999,9
58.253.159.84:9999,9
58.253.157.191:9999,9
36.249.53.10:9999,9
42.7.4.98:9999,9
183.166.102.125:9999,9
58.17.103.125:9999,9
58.253.153.8:9999,9
49.70.94.58:9999,9
223.243.228.217:9999,9
36.249.48.46:9999,9
58.253.158.92:9999,9
27.43.190.83:9999,9
175.43.156.29:9999,9
220.249.149.251:9999,9
180.118.128.233:9000,9
36.248.129.251:9999,9
27.43.188.180:9999,9
222.162.1.239:9999,9
183.166.97.217:9999,9
42.57.89.172:9999,9
49.70.89.185:9999,9
220.191.44.163:9000,9
36.248.133.114:9999,9
182.34.37.165:9999,9
183.23.72.250:8888,9
182.34.32.61:9999,9
58.253.152.152:9999,9
183.195.106.118:8118,9
58.253.156.97:9999,9
49.70.48.227:9999,9
183.166.103.212:9999,9
223.247.165.132:9999,9
182.34.16.37:9999,9
182.46.96.51:9999,9
36.56.102.19:9999,9
60.187.118.246:9000,9
27.43.189.183:9999,9
58.253.154.101:9999,9
223.82.106.253:3128,9
183.166.139.179:9999,9
58.253.159.204:9999,9
27.43.185.144:9999,9
223.242.225.202:9999,9
223.242.67.169:9999,9
182.34.33.121:9999,9
223.243.49.32:9999,9
182.87.139.190:9999,9
175.43.156.13:9999,9
27.43.184.62:9999,9
183.166.71.23:9999,9
27.43.189.41:9999,9
27.220.125.113:9000,9
222.217.30.15:8888,9
27.214.113.29:9000,9
113.194.30.134:9999,9
27.43.191.164:9999,9
175.43.34.62:9999,9
36.250.156.197:9999,9
58.253.154.23:9999,9
223.242.225.220:9999,9
58.253.153.86:9999,9
27.43.190.81:9999,9
220.189.70.26:8888,9
49.87.246.243:9999,9
182.46.103.75:9999,9
49.70.64.49:9999,9
49.70.17.15:9999,9
182.46.99.39:9999,9
175.42.122.45:9999,9
223.242.225.83:9999,9
182.34.36.6:9999,9
36.248.129.160:9999,9
183.166.111.178:9999,9
218.104.248.17:9999,9
175.44.108.243:9999,9
27.43.187.64:9999,9
49.89.67.215:9999,9
183.166.70.20:9999,9
182.46.112.126:9999,9
218.104.254.7:9999,9
183.166.96.170:9999,9
60.207.194.118:80,9
36.56.100.137:9999,9
58.253.152.168:9999,9
27.43.185.56:9999,9
60.167.22.209:1133,9
58.253.155.121:9999,9
183.166.111.123:9999,9
183.147.30.148:9000,9
223.242.224.3:9999,9
60.167.20.94:8118,9
183.154.221.133:9000,9
36.56.103.190:9999,9
27.43.188.246:9999,9
175.43.58.61:9999,9
58.253.159.129:9999,9
180.119.94.84:9999,9
60.174.190.78:9999,9
27.205.44.7:9000,9
175.43.59.7:9999,9
218.27.250.72:9999,9
27.43.184.80:9999,9
58.253.155.94:9999,9
58.253.156.133:9999,9
58.253.155.137:9999,9
27.43.191.195:9999,9
49.70.85.148:9999,9
58.253.158.171:9999,9
58.253.155.218:9999,9
182.105.55.254:9000,9
220.249.149.37:9999,9
42.238.91.130:9999,9
60.167.133.231:8888,9
49.70.95.152:9999,9
27.214.113.1:9000,9
49.70.32.201:9999,9
175.43.35.44:9999,9
49.70.17.114:9999,9
182.34.26.59:9999,9
27.43.189.180:9999,9
58.253.158.51:9999,9
36.248.129.124:9999,9
182.122.180.222:9999,9
183.166.103.72:9999,9
223.242.224.206:9999,9
36.249.53.12:9999,9
27.43.189.13:9999,9
220.189.71.69:8888,9
58.253.156.100:9999,9
49.89.143.25:9999,9
39.76.178.133:9999,9
223.242.224.7:9999,9
36.249.52.36:9999,9
27.43.189.140:9999,9
183.166.163.224:9999,9
60.168.81.55:1133,9
36.249.52.34:9999,9
60.168.81.175:1133,9
36.249.48.60:9999,9
36.249.119.26:9999,9
60.187.116.203:9000,9
183.166.132.252:9999,9
223.242.225.33:9999,9
27.208.143.229:8060,9
58.253.152.253:9999,9
39.76.135.34:9999,9
36.248.132.154:9999,9
60.168.80.70:1133,9
218.91.7.56:9999,9
58.253.152.79:9999,9
58.253.154.46:9999,9
27.43.186.243:9999,9
182.34.35.71:9999,9
183.166.71.138:9999,9
182.34.36.46:9999,9
36.248.132.250:9999,9
36.248.129.148:9999,9
49.70.94.46:9999,9
223.242.224.41:9999,9
223.242.224.105:9999,9
218.14.13.115:9999,9
27.43.187.123:9999,9
58.253.158.59:9999,9
39.84.127.136:9999,9
58.253.156.49:9999,9
175.42.122.244:9999,9
183.166.97.27:9999,9
49.89.103.102:9999,9
42.7.28.238:9999,9
49.89.87.6:9999,9
182.34.33.96:9999,9
218.27.221.106:9999,9
59.33.55.229:9999,9
183.166.71.239:9999,9
60.168.80.200:1133,9
58.253.159.211:9999,9
49.89.67.253:9999,9
36.249.118.51:9999,9
58.253.158.31:9999,9
36.249.49.4:9999,9
58.253.153.27:9999,9
42.238.86.133:9999,9
223.215.10.29:9999,9
183.166.118.180:8888,9
36.248.133.37:9999,9
218.91.6.16:9999,9
49.70.94.68:9999,9
183.166.96.172:9999,9
60.177.152.107:9000,9
49.89.87.169:9999,9
49.89.84.163:9999,9
42.238.81.6:9999,9
27.43.184.106:9999,9
49.86.59.73:9999,9
27.43.191.21:9999,9
182.34.37.218:9999,9
180.118.128.27:9000,9
49.70.85.156:9999,9
61.161.28.28:9999,9
27.43.187.53:9999,9
221.1.85.59:9000,9
175.43.34.20:9999,9
175.43.57.27:9999,9
182.122.179.107:9999,9
27.43.186.161:9999,9
49.89.143.114:9999,9
27.43.188.152:9999,9
183.166.20.142:9999,9
36.56.101.122:9999,9
182.46.110.157:9999,9
175.43.32.43:9999,9
27.43.189.169:9999,9
183.166.71.38:9999,9
183.166.96.74:9999,9
175.43.35.35:9999,9
183.166.139.209:9999,9
49.70.33.99:9999,9
49.70.99.88:9999,9
175.43.59.56:9999,9
175.43.56.30:9999,9
58.253.155.63:9999,9
183.166.70.171:9999,9
36.250.156.18:9999,9
175.43.151.161:9999,9
175.42.68.215:9999,9
183.166.103.30:9999,9
180.118.128.15:9000,9
222.141.245.184:9999,9
60.168.80.98:8888,9
175.43.57.59:9999,9
58.253.154.161:9999,9
39.84.124.56:9999,9
58.253.153.235:9999,9
220.249.149.9:9999,9
58.253.156.27:9999,9
182.34.26.152:9999,9
182.34.23.89:9999,9
60.167.159.193:9999,9
58.253.152.230:9999,9
223.242.225.54:9999,9
223.242.224.126:9999,9
182.46.121.95:9999,9
58.253.152.203:9999,9
58.22.177.21:9999,9
183.165.11.13:9999,9
180.118.128.170:9000,9
58.17.100.254:9999,9
183.166.21.219:9999,9
180.118.128.241:9000,9
183.166.102.100:9999,9
183.166.103.2:9999,9
49.86.57.7:9999,9
223.242.224.147:9999,9
58.253.157.26:9999,9
183.166.97.55:9999,9
42.55.180.236:9999,9
39.76.142.107:9999,9
49.89.86.13:9999,9
219.146.127.6:8060,9
59.36.10.52:3128,9
60.167.21.252:8888,9
182.46.114.137:9999,9
175.43.33.25:9999,9
