112.111.77.177:9999,10
36.249.119.8:9999,10
175.42.123.104:9999,10
117.64.235.111:1133,10
110.243.14.3:9999,10
123.54.44.197:9999,10
117.66.232.43:9999,10
36.248.129.251:9999,10
117.91.249.116:9999,10
183.166.139.53:9999,10
123.101.237.10:9999,10
175.42.123.78:9999,10
175.42.129.107:9999,10
175.44.108.233:9999,10
175.43.57.7:9999,10
36.250.156.53:9999,10
175.42.122.241:9999,10
49.70.85.149:9999,10
115.221.246.85:9999,10
115.221.247.197:9999,10
175.43.154.145:9999,10
175.42.128.157:9999,10
123.169.117.219:9999,10
175.42.68.26:9999,10
183.166.71.252:9999,10
117.69.13.250:9999,10
182.34.22.42:9999,10
123.169.120.98:9999,10
183.166.110.143:9999,10
183.166.162.126:9999,10
223.242.224.233:9999,10
113.195.234.139:9999,10
183.166.21.60:9999,10
113.194.150.133:9999,10
117.69.150.193:9999,10
117.69.12.174:9999,10
122.138.145.255:9999,10
175.43.57.12:9999,10
112.111.77.140:9999,10
115.221.246.51:9999,10
115.221.240.68:9999,10
58.22.177.160:9999,10
175.42.123.70:9999,10
175.42.123.213:9999,10
183.166.71.12:9999,10
175.42.68.130:9999,10
110.243.28.10:9999,10
175.43.34.7:9999,10
36.249.118.16:9999,10
183.154.214.51:9000,10
175.42.122.111:9999,10
175.42.158.200:9999,10
36.248.129.196:9999,10
183.166.111.57:9999,10
114.239.198.19:9999,10
175.42.68.14:9999,10
27.43.185.8:9999,10
175.43.84.121:9999,10
112.111.217.126:9999,10
110.243.26.239:9999,10
123.169.112.200:9999,10
175.42.68.226:9999,10
36.250.156.123:9999,10
113.195.225.188:9999,10
175.42.68.228:9999,10
113.195.155.221:9999,10
171.11.28.177:9999,10
49.70.89.100:9999,10
27.214.113.1:9000,10
117.69.153.170:9999,10
182.46.122.141:9999,10
120.83.108.149:9999,10
223.242.224.154:9999,10
60.168.206.117:1133,10
175.42.123.144:9999,10
175.42.122.66:9999,10
175.42.122.117:9999,10
117.69.130.94:9999,10
36.249.53.9:9999,10
175.43.152.10:9999,10
112.111.77.203:9999,10
112.111.217.37:9999,10
121.233.226.149:9999,10
183.166.110.73:9999,10
42.177.139.41:9999,10
123.169.124.136:9999,10
115.221.247.38:9999,10
171.35.209.77:9999,10
113.194.142.191:9999,10
36.248.133.34:9999,10
49.86.178.108:9999,10
175.42.158.145:9999,10
183.166.139.196:9999,10
123.169.125.50:9999,10
183.166.70.207:9999,10
175.42.128.51:9999,10
58.22.177.226:9999,10
36.248.129.40:9999,10
120.83.109.176:9999,10
49.86.183.237:9999,10
112.111.77.126:9999,10
115.221.246.29:9999,10
115.221.242.172:9999,10
121.232.199.64:9000,10
175.43.34.4:9999,10
49.70.99.70:9999,10
183.166.133.226:9999,10
171.35.213.55:9999,10
120.83.101.39:9999,10
183.166.162.63:9999,10
175.42.123.201:9999,10
120.83.97.72:9999,10
175.42.68.65:9999,10
115.221.243.41:9999,10
115.221.242.225:9999,10
175.42.123.228:9999,10
49.86.178.113:9999,10
175.44.108.107:9999,10
36.248.129.202:9999,10
171.35.147.28:9999,10
175.42.68.158:9999,10
118.212.106.121:9999,10
183.166.70.251:9999,10
175.42.158.78:9999,10
113.121.40.244:9999,10
175.42.129.67:9999,10
175.42.123.93:9999,9
115.221.241.252:9999,9
122.138.142.0:9999,9
175.42.68.214:9999,9
106.110.195.22:9999,9
175.42.128.215:9999,9
110.243.28.135:9999,9
121.233.227.48:9999,9
36.248.133.171:9999,9
117.95.195.190:9999,9
49.70.99.69:9999,9
175.43.33.37:9999,9
175.44.109.26:9999,9
123.52.96.197:9999,9
175.43.59.41:9999,9
36.249.49.57:9999,9
121.233.226.229:9999,9
182.46.100.215:9999,9
36.250.156.183:9999,9
115.221.242.128:9999,9
49.70.64.84:9999,9
110.243.24.231:9999,9
36.56.103.41:9999,9
114.239.210.148:9999,9
175.42.122.156:9999,9
36.249.48.48:9999,9
182.34.20.252:9999,9
113.194.136.2:9999,9
121.233.207.18:9999,9
113.121.21.19:9999,9
175.42.122.202:9999,9
120.83.104.25:9999,9
113.121.74.243:9999,9
36.249.118.52:9999,9
117.69.153.181:9999,9
36.248.132.214:9999,9
114.239.146.231:9999,9
113.124.219.79:9999,9
115.221.242.162:9999,9
115.221.243.242:9999,9
222.189.191.153:9999,9
115.211.189.182:9999,9
120.83.122.225:9999,9
49.70.17.158:9999,9
120.83.107.98:9999,9
121.232.199.123:9000,9
115.221.241.68:9999,9
117.95.192.77:9999,9
175.42.123.11:9999,9
117.91.254.84:9999,9
175.42.68.81:9999,9
175.44.109.83:9999,9
115.221.240.214:9999,9
114.234.139.168:9000,9
115.210.35.67:9999,9
175.43.57.61:9999,9
36.250.156.210:9999,9
114.239.145.237:9999,9
36.249.109.7:9999,9
223.242.224.16:9999,9
183.166.71.99:9999,9
123.54.45.16:9999,9
101.26.50.88:9999,9
106.110.200.125:9999,9
117.95.199.241:9999,9
36.250.156.100:9999,9
49.86.58.24:9999,9
115.218.7.131:9000,9
112.111.217.71:9999,9
115.221.243.5:9999,9
175.42.68.136:9999,9
175.42.158.47:9999,9
175.43.35.22:9999,9
114.239.149.35:9999,9
113.121.47.142:9999,9
58.253.155.113:9999,9
175.44.108.185:9999,9
182.34.26.189:9999,9
175.43.86.238:9999,9
175.42.123.234:9999,9
39.84.127.110:9999,9
49.87.202.114:9999,9
182.122.189.117:9999,9
123.169.96.188:9999,9
175.43.151.192:9999,9
175.43.57.37:9999,9
36.249.49.40:9999,9
183.166.70.69:9999,9
175.42.158.72:9999,9
113.121.36.137:9999,9
114.239.3.211:9999,9
123.52.96.80:9999,9
218.27.220.51:9999,9
123.169.102.108:9999,9
49.89.86.43:9999,9
175.42.122.45:9999,9
175.42.123.76:9999,9
123.169.35.188:9999,9
36.249.52.19:9999,9
175.43.59.29:9999,9
175.43.151.232:9999,9
115.221.244.10:9999,9
175.43.179.29:9999,9
175.42.158.231:9999,9
36.249.118.57:9999,9
175.43.56.44:9999,9
123.160.69.179:9999,9
182.46.98.85:9999,9
223.242.225.142:9999,9
175.42.158.146:9999,9
115.221.247.210:9999,9
114.239.147.38:9999,9
115.221.242.23:9999,9
175.42.122.78:9999,9
175.42.68.83:9999,9
27.192.171.221:9000,9
110.243.6.227:9999,9
175.42.122.158:9999,9
113.121.75.103:9999,9
175.43.87.102:9999,9
175.155.138.162:1133,9
117.91.164.126:9999,9
220.249.149.168:9999,9
110.243.24.22:9999,9
171.35.169.58:9999,9
113.195.170.100:9999,9
123.160.99.112:9999,9
175.43.57.34:9999,9
175.44.109.31:9999,9
171.13.137.69:9999,9
113.194.128.194:9999,9
117.91.249.242:9999,9
121.232.199.209:9000,9
121.233.206.212:9999,9
106.42.216.88:9999,9
110.243.27.141:9999,9
123.52.96.15:9999,9
112.111.77.113:9999,9
115.221.240.112:9999,9
182.34.35.47:9999,9
171.35.222.223:9999,9
120.83.108.141:9999,9
113.195.167.73:9999,9
36.249.48.59:9999,9
175.42.123.142:9999,9
42.177.136.187:9999,9
110.243.5.98:9999,9
36.249.109.3:9999,9
117.64.237.224:1133,9
175.42.68.2:9999,9
36.248.133.117:9999,9
117.41.38.19:9000,9
36.57.86.181:9999,9
123.169.119.201:9999,9
175.43.32.51:9999,9
121.233.206.100:9999,9
113.124.94.250:9999,9
117.69.13.205:9999,9
117.69.169.166:9999,9
183.166.102.220:9999,9
115.221.243.151:9999,9
183.166.96.203:9999,9
115.221.245.58:9999,9
123.169.120.54:9999,9
121.233.207.204:9999,9
120.83.107.90:9999,9
117.64.225.58:1133,9
180.119.83.71:9999,9
171.35.171.107:9999,9
175.42.68.211:9999,9
117.69.150.208:9999,9
175.43.85.7:9999,9
